pH_suelo,Humedad,Temperatura,Precipitacion,RadiacionSolar,Nutrientes,Cultivo
6.7483570765056164,63.892663212974625,31.99677718293001,123.35083228499913,166.24108625128093,81.41225994439063,Trigo
,78.64124960705196,29.623168414563843,83.46442851014399,192.77406646422412,89.36369321065722,Café
6.823844269050346,29.02148639271288,25.29815184960087,75.45403349733078,160.37900395000193,63.37383233633354,Maíz
7.261514928204012,58.444538550358565,21.76531611147213,99.89876627767144,184.60192351804798,57.755265309844994,Café
,,28.491116568067948,94.89446132425215,105.31926665231072,48.29698946884404,Papa
6.38293152152541,42.69311924352956,,86.40315852018175,210.66468536864693,53.4917894004209,Café
7.289606407753696,41.11409113641696,29.475966100138663,120.89162342370146,200.06027376811122,128.9818885061745,Trigo
6.883717364576454,37.04013845480276,28.175859008409848,,159.14556844659046,94.89359161473573,Maíz
6.265262807032524,50.72782441917241,30.247763576596675,102.65220658875542,232.96228342162027,42.978512675839575,Trigo
6.7712800217929825,37.535748253834434,22.32382394219716,144.32590243165785,error,43.5508408651286,Maíz
6.268291153593768,,31.586970328171628,65.74932657599484,119.62200678155129,79.63732123436984,Papa
6.267135123214872,49.246428358262946,25.987998023461998,94.19021622160845,161.86376107168928,80.94529594755934,Maíz
6.620981135783017,46.41577929700385,35.37630436312632,78.49533038191585,161.54288251063508,80.9776767063473,Maíz
5.543359877671101,36.386545069376034,21.55406090955216,44.0039014878082,153.00484494455677,64.90088412892604,Maíz
5.637541083743484,41.34843004147501,33.67981901582625,97.51957942471903,,67.49091479994199,Café
6.218856235379514,61.33086838738634,25.989553917313238,96.3475747485015,190.30869306135983,76.55759048318714,Café
5.993584439832788,57.51375781436571,21.74290998192776,145.40349229726394,186.77425793446946,71.71786012586661,Papa
6.657123666297637,35.33667132802174,22.58057082972839,118.92435053664333,99.80688177966232,25.6139925450493,Maíz
6.045987962239394,51.489984581438385,23.3982634590284,69.27439527012385,231.77090151046133,65.40400738849613,Arroz
5.793848149332354,61.27080685057683,27.120829732009582,155.62277699002564,138.03708025732638,52.97187131479373,Papa
7.232824384460777,24.958920783179423,,136.63101086576057,202.9966315133164,73.50422837817024,Maíz
6.3871118497567325,58.15040288569902,,117.46293110405847,213.86884689790958,129.70518005206821,Maíz
6.533764102343962,40.060643615812296,24.878227038695087,93.20547703450504,268.03292979193253,77.34963330948608,Café
5.787625906893272,58.55898002889739,35.71135179305932,71.2168228982956,134.5589800440444,63.72940627655204,Papa
6.227808637737409,error,33.637715850503554,88.83379671786841,49.024392208958744,88.43603003954505,Maíz
6.555461294854933,22.926768490032213,27.18161834837016,132.66245859112558,209.19247723768476,79.65375774418425,Maíz
,25.586863431752562,25.190017390841,156.53758917803827,290.0255590755427,78.40188980903683,Papa
6.687849009172836,50.72127419992073,25.600156633591308,146.29730584816568,261.9473176469719,82.13701186431342,Arroz
6.199680655040598,53.89583752582223,28.06758986365208,85.33451734641177,210.4829707637313,111.13087129659083,Papa
6.354153125103362,36.43525062343387,19.886037174007974,66.41147700132967,175.41819071839763,47.38223129348169,Papa
6.199146693885302,59.57888688166061,23.713117312883274,104.22658740733611,240.35612983186553,79.47264153622909,Arroz
7.426139092254469,25.0771990659656,16.657079630612053,46.94681903311445,151.32269001477658,51.47237740036923,Papa
6.493251387631033,49.00880302029025,26.996115613026397,109.69503142554345,223.81788846781097,81.11025292684496,Maíz
5.97114453552205,31.83475700356315,28.235979698513706,95.57192241103994,,51.626269770278114,Papa
6.911272456051594,40.222458382967616,22.58406768850313,86.01890494395273,253.01049537494399,61.652663727898315,Arroz
5.889578175014488,50.71098006974621,32.869933816450164,52.15890798199614,337.9830019455539,,Trigo
error,37.09379952074072,18.871171684988294,115.40800319709149,219.62079835893834,89.51633438689419,Papa
5.5201649380601125,44.23166683655262,17.6781255989509,84.01897481014265,174.55181871462506,88.36908887884827,Café
5.835906975550785,65.0943921382166,26.12225909279986,64.90249492869137,198.72128439040029,45.08565247107231,Maíz
6.598430617934562,41.34662195715277,30.235491513060772,13.832133601550524,111.54620475554408,71.09868221999697,Maíz
6.869233289997705,62.535381680977125,33.419638457289345,99.17455284848091,165.2643434455471,55.80840290501655,Café
6.585684140594985,33.05439718013573,22.7055786856553,153.16754790009233,179.5358780943448,44.82990178649331,Café
6.4421758588058795,57.947062668729245,30.39340416715648,149.83777643643612,173.79558010327037,65.65965899151259,Papa
6.349448152205356,71.6235293098685,24.807457652496463,86.28711230241184,207.6177436016861,63.830344230883604,Café
5.760739004816286,12.925332498090661,24.136863500295902,81.93363818914659,158.87900338088997,118.53432972691044,Trigo
6.140077895802646,38.046571167942844,29.41829968743336,114.06322768225071,256.05153336622357,78.65919650721392,Arroz
6.269680614520106,58.6560819077081,28.2616143920671,70.04843682435126,200.01035324590987,42.44764998491526,Café
7.028561113109458,46.95431920935511,17.118039215078753,109.05375699458398,199.53498394306928,58.704519916581155,Café
6.6718091447842305,55.56718810056963,32.38270174862948,122.98240835154071,183.60526417435412,90.42766590858797,Trigo
5.618479922318633,40.94022219926269,31.900456770737257,136.80799671652923,207.75953419294896,111.7688554573985,Maíz
6.662041984697398,,21.872186492452354,96.99537770560141,,38.28033375524083,Maíz
6.307458859791842,47.664841469118805,26.979017667187044,93.88978749469102,156.64348921445497,32.4015122972191,Papa
6.1615389998470205,67.5167309248971,27.470150931413695,73.66052239730317,167.09417554623718,107.41930350743564,Trigo
6.805838144420434,53.816312649518196,26.303368829119535,75.1935893788042,184.81369856116677,,Arroz
7.015499761247975,55.064039931128036,22.2484742307729,93.20563324295419,132.70645382633927,52.63414536247267,Arroz
6.965640059558099,43.82184550816299,21.641883160309742,111.02096520448535,159.0371070139251,80.69258172244871,Trigo
6.080391238388681,42.6859066389126,24.872229645042772,127.40753878699749,176.18895632276704,17.285045219662443,Arroz
6.345393812074393,43.51162718270569,30.86364509629682,75.90463147958965,243.71945903563636,70.06751013194322,Maíz
6.665631715701782,55.91678213567445,27.71800077297216,144.78065706878564,213.12806645009624,76.55642345686171,Arroz
6.98777256356118,43.68523278769605,,,209.6794955683772,88.4854027907566,Arroz
6.260412881077355,54.34662285344619,28.858493553241722,99.35898116954692,,49.72208095414925,Trigo
6.407170511668092,81.13101197968157,,77.5836496255653,193.13141058003018,71.71374322806719,Trigo
5.946832512996986,63.06687055147539,30.743828501860516,27.272792191811746,219.52324249644448,51.49150747880825,Arroz
5.901896687959665,45.10964701748238,16.301431106109504,error,194.83891235337518,75.10767511348634,Café
6.906262911197099,68.01820883245918,23.18779529298434,,213.26811746998143,52.09307355273952,Trigo
7.178120014285412,43.87886940467673,19.401650526869282,91.56017328645359,170.86206711942089,61.837983216795585,Papa
6.463994939209833,19.428131972332192,18.526592621395473,102.00972151674615,78.05914208617854,50.08369210419542,Papa
7.001766448946012,34.87870533623894,30.804133936892597,115.47817653112298,193.2860418906848,,Maíz
,21.938121184612164,22.661493993440544,53.12362429340372,271.137406804997,87.16902233313331,Arroz
6.177440122697438,44.72729773938037,26.73251940865358,84.12841967961116,246.3107701120796,65.30758860085173,Café
6.6806978027542065,50.276275687843274,24.76539710560408,123.82794038865481,248.26987422955852,70.76475989920057,Maíz
7.269018283232985,75.14655968412924,27.385204136115608,62.37131730492252,261.8065360903109,41.02817170732912,Arroz
,54.90391060646244,25.384109455301278,108.80673796499887,204.43287954807187,64.00646703986426,Trigo
7.282321827907003,46.71349206786704,18.58503887905715,59.30254586129785,209.86578537027978,,Papa
5.190127447955128,62.441083717752335,29.9813340972357,113.99289947300579,169.1174052282825,122.4158618205995,Café
6.910951252187612,16.832970364881724,22.531217084193436,98.93075553107549,184.19635719864752,47.76065948451673,Papa
6.543523534119085,53.53421837162849,17.217090506701247,51.54604552283472,230.78855748855707,99.28354477504875,Trigo
6.350496324767066,61.562977908304504,22.859424195170437,134.94218063371514,260.1942218584408,89.93717546931616,Arroz
6.545880388267751,27.821206313302376,32.503798953171554,77.96225269605853,193.02768621595,75.61272808980273,Trigo
5.506215542699554,67.15631064810394,29.251108710567465,756.9242688956856,177.49053675742942,105.17240968390267,Trigo
6.390164056081244,55.07744611241621,23.256739327960705,106.01707591692829,200.02639794282987,77.44210945213726,Papa
6.678556285755874,43.77068129148798,23.253711478407855,134.45912048286147,230.06033744645575,77.78318391335857,Café
7.238947022370758,59.491727991594274,23.391824743913087,69.52534543064809,127.8072591933229,68.9375869396491,Trigo
6.240864890863176,84.06039286706593,35.383739917804206,101.85039549543914,85.1909523431381,94.47137764837255,Papa
6.095753198553406,52.72799382587743,26.909677261157768,112.86449500991719,1724.731575254208,91.92938467621767,Café
6.249121478207732,,27.150208235955347,120.79316821789432,138.96437870429207,57.48645425007575,Arroz
6.957701058851037,43.109586506896335,30.15141727015921,105.29324665831676,174.59299011763446,43.61505610802465,Arroz
6.664375554829842,37.25233445802812,26.193945795132567,88.98916482750033,192.61098405912642,65.94038725208686,Maíz
6.235119898116481,62.455037248163684,23.704789270896484,75.1722933805384,177.33757954884933,53.99922871204707,Papa
6.756633716556678,37.15874261136699,24.01825075457511,102.58431649139125,2726.2337672353724,68.7295085076929,Café
6.54853877467402,51.073493558290885,24.641993702929682,67.8358296404318,216.33723823011601,94.74876269368278,Trigo
6.984322495266444,,24.813888817450792,12.359485495161778,215.02371798054142,60.853966898264204,Arroz
6.148973453061323,57.18469738619588,28.6381477181849,113.09679412473004,231.1103572021701,69.14353237376851,Café
6.336168926701116,55.00493157930423,25.259729429036497,,143.05834411096154,71.1604546961679,Papa
6.303945923433921,65.56309916386849,28.663200386077897,29.112026933744843,251.95558937101345,86.96861764410569,Maíz
5.768242525933941,42.349754017178796,error,69.70807885870187,196.211785673227,25.062213320307897,Arroz
6.648060138532288,45.95187597059943,25.393175951580453,118.57462783015593,233.5240308620606,57.86599410469407,Café
6.630527636089945,35.31854426326539,15.008996577339461,161.72486409135095,146.40713834799223,,Café
6.50255672832123,43.33560109885833,29.58163837351241,100.62381123026223,122.31206169919679,94.00157912853723,Café
6.382706433312427,55.65950739567278,26.732442379489964,78.15991176312596,240.89448290125142,60.161951049875896,Papa
5.792314628974793,61.35482924968028,29.99005054929826,94.51310676685479,218.82047630487583,32.46894587916252,Papa
6.28967733861732,-180.83760068667806,10.518723109031553,141.24629257444553,154.89742228212447,82.39422891932273,Papa
6.328642741736616,63.044088801584905,35.44187352390364,80.62107462626395,156.51684593626527,57.29275222348741,Trigo
,70.33456788207427,24.302051859224132,76.0242398004924,256.2717392207385,46.20666681819277,Café
6.419357144166995,56.20152354835551,30.540914083687582,,140.52940535663362,57.51309220573552,Arroz
6.70202542840727,78.151937188371,19.800470364372345,71.40014175223862,282.1336476627982,66.309492846883,Papa
7.443092950605265,38.39316201344641,28.06386952531285,103.68010947984386,154.96896326760657,57.905106709235746,Papa
6.587288906415919,31.330179450328746,19.73292218413172,148.7403537540868,,25.888678858018615,Café
,23.31919626643582,21.881155196520975,109.69237819348088,183.56907621255078,87.94132393774265,Papa
6.462777042116916,72.44066467233775,34.570156769333934,92.42939493621137,230.15937155411714,95.49750082557445,Trigo
5.540614392350479,59.81548484531086,24.046587996183266,91.24566193253368,172.79429989429036,83.03043982679011,Trigo
6.486743062275392,49.16622993634317,26.087164365898616,53.10427573910029,191.8603546963853,47.24628659150367,Papa
6.5301151049705135,54.1995293947973,29.35033865344377,126.49329331441477,,65.97016932104964,Café
7.731621056242643,33.11766429052435,27.47840943986302,97.66488408961594,149.89062721092637,69.86957369541084,Café
6.403819517609438,86.68627969425239,25.752094525717883,94.58560259228123,237.0412172710063,81.97588779123821,Café
6.650773671166807,51.93831772962841,26.824805012331126,195.7932270353458,174.33932167642075,83.36680977436161,Maíz
6.482644115147378,51.64092191907339,37.01707792619138,108.96258725097059,188.57000423299908,55.31652402443008,Papa
5.915660981190234,60.88649935848038,24.711906014832074,77.44626849714447,150.28253126957438,71.63991112827121,Café
7.071411407257511,57.2151384760507,26.005495233574837,87.2092721138337,71.88331706023448,-395.72804046152413,Trigo
6.875966516343387,error,30.25327198003806,134.45337127590264,190.44861186999154,99.11644644293533,Arroz
6.8955159735215235,38.142883168320324,30.52762966478992,103.39811231613294,320.6307710806458,84.09013079649446,Arroz
6.04530627260263,57.072025357039934,30.9351515278019,56.851660650479,,85.78113374751038,Café
7.201397155468049,78.2303674471255,28.19365111014592,,1990.3698101328027,71.67653255858721,Arroz
5.79907446860386,70.18130069232467,19.284975436347583,79.95567743383018,,98.20918290407008,Arroz
6.793428546900135,73.89779939959095,33.16715766150548,156.19893328652637,201.12329464060232,78.19525591918995,Maíz
7.595227812904989,42.33176485353222,19.26827303490656,132.40144197143945,227.3559557587605,52.77824179652859,Trigo
6.004731837434655,,26.513177326195166,86.58034313023747,140.95935923455775,98.06739940250381,Trigo
6.216851135198614,48.11319619850528,21.22862074990321,138.4304908520534,255.7160847334436,,Maíz
6.549825682543821,50.835873684330416,24.679308267035037,102.0356653158221,235.76906577206222,61.13911957743035,Maíz
,66.41287277706422,26.6438120515174,125.58321025366658,235.90928628539672,60.41014065201513,Arroz
,24.61303055427771,26.606786077251364,114.54198451883424,221.92378694048637,75.93151090281523,Papa
6.534281487403014,72.9432547919092,27.109603771176424,74.6093003502738,200.98083288469948,79.2636959053517,Arroz
5.968848143136947,47.629881521315156,33.06855634529323,80.69350503047613,233.643061798341,73.94584531262413,Maíz
6.73679621531759,-217.9839197539435,27.2676715075699,130.89882452743484,229.59070668706892,76.2261734688577,Trigo
6.040287882883098,34.81843437109749,23.779216823546758,89.95674003680378,182.2979644529488,,Arroz
7.27496720250877,,29.820435841441785,87.8905461027401,171.31991135515494,91.43086304469772,Papa
6.108373353831881,,30.947352444623203,71.34632261951941,205.09281476309934,73.81271182530048,Arroz
6.338969241897162,51.09976950782606,18.86196092431504,112.70797196780383,277.4510075747594,88.82621161534966,Café
6.906758608684835,30.650586503884192,27.98700034924929,161.87574757729436,138.04464621730494,49.34952192944921,Arroz
5.8845678417830225,30.573818419045757,28.50586371155449,67.9740125723718,126.623736712378,77.95854099893617,Maíz
6.613729967302064,44.96322951064808,23.51218248320004,100.72658370018274,208.23804206182584,106.1861269946622,Trigo
7.153571377141214,75.0353228793409,31.878534066558096,142.3666166624629,202.5443850928009,65.63908209215252,Trigo
,46.10612972954593,24.249722064837368,97.61075826262855,208.66708321852042,53.0473214276183,Maíz
6.592316929266152,27.45285570322841,25.627882267357712,113.57115388749202,212.197659895425,56.95822222813879,Café
6.629941397124211,46.313854038710836,24.13464087858065,68.1281941555936,188.83988726825976,48.207339253152234,Maíz
6.890911435888655,45.90914645378494,25.077895237907338,112.84921291622946,274.4931719301041,54.30476183744593,Arroz
5.881524644560959,9.546700355876425,19.518624565523993,94.38567204986353,119.95480107617422,62.58983802819942,Maíz
5.839771693457862,49.18557700223282,17.79974558702853,129.5718998703959,158.5751487609877,41.88865961642716,Maíz
6.760970782808449,46.53598204686983,error,135.62158154694254,194.83726199254764,70.31236667899206,Café
6.648492336616593,,20.76519325840836,177.68690926055842,117.84055944229164,88.04554347573294,Arroz
6.625246425172938,77.73434142418017,20.043038252718464,117.38899519640727,,51.8448763970616,Papa
6.6732241047484875,66.89847544321637,14.233049431981426,109.77388949746499,,100.38567847283538,Papa
6.159987639210755,45.96666964167754,21.805191261552487,105.83152904732007,201.0443244147981,80.21584177055189,Trigo
6.616126848580501,33.40211136887494,18.38455103296251,89.40501121567935,211.5350452859342,90.61161171248115,Maíz
6.64653623664934,88.60039704874791,33.21007580068185,110.15451530385073,136.991761741371,56.84330892295726,Trigo
6.142824290986816,,30.04908544671317,91.13795769582912,169.18192959802613,87.09050454133231,Café
7.432887255572378,50.20893937869419,21.559248274111383,,181.24018098380316,48.16132199209374,Papa
6.736916460455894,49.638123693349954,36.26217902672154,139.5279260682388,184.1142451621883,87.80495001673017,Maíz
5.904348251398676,52.971271411517826,,69.80372304161077,264.08218975018843,73.43678679587063,Café
6.828276804316915,47.834593821140864,23.37584308245689,134.19635683387136,,81.06502439969567,Café
6.0126591648863394,41.39506989679646,12.502971425632134,139.51345202019596,144.4271021531484,46.48810788750296,Maíz
6.893542301871226,41.79711588139412,36.45471286295371,96.45794419026764,212.32523892160023,52.09860315446791,Café
7.079297789503702,49.50870094676002,18.05213766618202,36.344353029742166,224.91108742483925,81.94456436506769,Maíz
6.0896588408241445,41.84862843299352,16.773006265215542,81.76534038716703,257.0074519260633,51.033039915515985,Maíz
6.981688064622161,39.30731325984253,30.112852160048202,138.90983639683327,279.02703432841867,79.26412584198246,Arroz
6.706390463468249,51.596453415378456,37.19876203169636,99.31395813103353,149.24529040860656,42.657243870795085,Trigo
6.911030079997245,46.17534173868717,31.92136409255259,70.02093303115268,159.4571244394831,86.96348425333336,Café
7.448396491326974,72.55989482874033,27.819545600261797,84.85675236315348,137.1211070542692,45.34953370462982,Café
6.377305941998565,10.235452874104823,27.97377170832643,125.2186007951366,188.29900704465092,81.04599875359047,Arroz
6.123131917821255,66.37260277883692,29.26707779390154,116.40200704604138,223.31791872231673,82.51261867292001,Arroz
6.055242785187239,68.69127788746444,28.794642948933827,92.83203702490917,249.3667258294551,56.064563631408504,Arroz
6.092094857517281,18.89914651387776,26.405957119846878,88.99526764555938,196.20244881787386,81.64053134169454,Papa
6.461449145292948,44.85968608879477,25.52100551975938,88.24725552868534,184.0076238372578,75.20884526667112,Papa
6.670575987408322,44.428387010063126,24.687034360502388,72.32769446504493,207.587899612437,59.22316287614524,Papa
6.63834539966501,28.887324579232683,21.23017705566662,,158.24285491849884,49.82890631847584,Maíz
6.913591624518012,38.33274968613687,,90.3303859236598,304.47693608473867,30.74748616654842,Café
6.506500945938954,33.34136231801257,16.535215929023074,136.5147556247649,119.61694864409706,76.99300094599387,Trigo
7.226767038578658,76.28405665135435,24.50830186602625,145.63948155767355,209.23702894478623,38.7039445727589,Maíz
6.367671583381022,64.03517589721191,20.057044464245415,129.9493269444388,301.18031096148195,71.90688398882617,Café
7.860084583294809,,19.482053413921143,87.05139061845856,200.3399922279999,64.73103567835501,Café
6.812833673882503,60.82508096064853,25.899470755767393,112.11190271009828,190.49804824992526,83.58285550876391,Arroz
6.071421221791859,33.06422343174156,31.960011431722997,99.27413180827251,182.12772885947865,63.959090010202715,Arroz
5.9645537509694435,42.132196005803394,29.591583030011563,72.88894417809615,,63.411044273058174,Maíz
6.741236207621593,57.34061841841877,17.147496981884114,109.73077845164809,268.6424237338265,-423.18707042882954,Arroz
6.388268607337075,31.668082866620818,20.051859317148313,64.62880626520592,89.40690443352466,76.70116058168234,Café
6.857000247046046,60.69497645258582,29.70385593994108,135.6303816538469,276.6716850648163,76.32311914365556,Arroz
6.736618812286772,46.39511902762798,20.087563032308452,86.06148108104821,128.80214237749274,79.38535179617053,Papa
6.463585543671564,44.377687886756036,23.876834250014877,106.03478967618518,186.66738353827927,39.28855753585788,Arroz
6.076603140965798,60.664399523052374,27.75026049512276,108.49863614638426,178.5377789850669,85.13577359973964,Café
5.742576387657068,56.6639496722906,20.158277725681824,92.23285078887768,229.42766348853598,82.24937588027204,Maíz
6.276742523966489,44.585507512713804,25.5268775307298,117.60081404425824,120.09378240581262,49.66633742847006,Trigo
6.928199397161736,67.38994705046372,18.329872525408977,85.75289030132427,223.10863330409714,65.11839052651598,Arroz
6.607046872065102,33.78405008600154,,126.13891892371733,301.21548116434263,,Café
5.877130610644006,59.239034104163956,26.598909670712686,59.620609592597546,131.84129977035948,67.31006431196535,Trigo
6.586590462925591,58.89651886952576,17.035031332341653,103.79138738639236,209.48530838051977,76.67719933137069,Trigo
6.692658689864419,45.35680341029015,27.202373689801995,158.16786997174853,166.90089111016954,98.62733563662367,Papa
6.058071281899434,54.89199533363177,24.901811005366593,69.99006026183275,,91.63533455345657,Trigo
6.576862552972764,31.233296354220457,27.762449772085738,79.66765088425446,200.9573888707876,43.75561613137187,Café
-32.645521796115,63.860405288103514,26.119570670323306,115.41723548976745,167.92565454778452,82.44139980612097,Café
5.928514851084689,47.22646795335516,31.82070214986922,105.38745345818793,224.3936142435537,96.5786663907082,Arroz
6.678893680174141,42.15915469221441,25.626122513239537,110.51890297820678,290.2174054893371,77.73617041378405,Arroz
6.780392263184117,,22.852972294373735,114.67561390442991,190.45481041363507,91.81960850371934,Arroz
7.041525621587638,39.43484464185861,25.611487515161418,119.0416440568531,,110.2454089140153,Trigo
7.026901026017452,28.873080554546604,27.71649014518194,133.29099525868668,135.3363521064418,90.47419092213963,Trigo
5.811165316021454,26.650562397141442,25.24430035162852,,152.17818115909955,74.98617191283458,Papa
6.031087480042439,59.0901492701846,25.202958456019413,92.76227036144373,223.62031389401886,90.90176948169507,Arroz
6.75751763360433,30.793559712555755,21.490041560966223,120.17721103608194,274.20580142679825,72.89775666193782,Maíz
6.756892975456104,76.32191272976547,,156.99645804685647,217.780667439283,70.4780608656991,Papa
6.757523843153024,18.771058881744167,17.986973641001534,96.02098760852279,184.3470984738423,62.97171528572535,Maíz
8.426365745327361,75.44684552435058,33.7478837159347,70.76412085988076,199.9645702711677,101.26826717664215,Trigo
6.785445255346583,-265.8263100401964,18.780683823043574,133.21242007860917,137.47961330151412,53.63142668115997,Papa
7.067782820090299,48.549303321944116,21.53547401102046,96.38856508139206,230.22576631776835,100.64735449356232,Papa
6.977000881746601,41.826213697865754,21.40796367215401,34.81991361957891,244.11665311617045,79.99728247480743,Café
6.825695625652899,55.987041715281066,29.474621884722207,125.42265031451265,1773.9548335834597,42.01387650396117,Trigo
6.342365377679827,49.435479463627274,23.52525160853986,83.94015442138232,176.49789261202494,77.35298585982844,Trigo
,66.54952823024783,31.238710363368668,97.28400153087517,213.29391148260243,27.99946984696752,Papa
6.113587392731214,51.7134147299306,21.63254687878066,109.95940991707043,178.16401319797023,,Trigo
6.381590696629996,52.25452642192816,26.39497081111901,105.71499039337199,196.69336926870886,87.70462965977981,Papa
6.257318226085448,44.54581681679216,,121.28355451417119,,58.152880886958926,Café
6.540937069693161,49.14581564418399,35.72574563886694,86.9354088829047,187.64871496270015,72.47095391911165,Papa
7.657329283336754,54.61702653338089,19.062007904852436,115.39317394528248,182.0829923989389,109.08314867500573,Trigo
5.566367403704126,24.347474110150618,26.549103551135136,92.21359967248249,error,59.88506591476127,Trigo
6.843130095187257,29.777218668414307,28.168884404660492,122.16431442662508,237.20959857499685,48.82184825886799,Papa
5.693642064405174,61.148961410340725,27.068995487257492,,190.93879133909485,99.63326804925197,Papa
6.264034067105284,52.562981571919124,,71.93683893866213,167.5313480839287,109.25174381061589,Papa
7.044475298483683,47.24024995470981,24.35089650133287,132.57946348525098,,70.07391343695694,Arroz
6.5321400095477316,50.2765089959809,25.219057359895547,83.92109664657856,270.9801502256819,90.22926070816712,Trigo
5.961127611035347,55.21372558042506,24.264989991857558,124.24173394843436,169.97882171306475,96.82951831061763,Trigo
6.142348145370016,41.90360479535958,298.19395583974546,111.01861940204022,106.6730024319692,55.150315349232315,Arroz
6.839798874467338,38.32542911896531,,155.14551030385368,250.3756844918461,60.29388329264263,Papa
6.134816684141431,52.93767882646522,22.212541074960832,93.29602052884444,165.7685087119998,94.6174902630947,Café
-33.04114647395494,35.32440833577452,181.50985102104613,89.52049611645407,239.53127995813844,103.70028557417018,Papa
6.5227859199519065,56.12379133571708,245.58589758243727,99.41741182336803,101.49480911440823,81.2576172034871,Papa
6.174199826197092,24.461245936432395,37.898546688271594,90.90460651497173,,52.403712929958914,Arroz
7.571972044662663,65.43733455988465,,123.9982570582615,139.44140353596094,109.74122223398882,Trigo
6.816959511159006,57.08896223619564,33.195584027220335,51.510681746902364,236.5382059533262,,Papa
5.487428706671197,53.840446014708135,33.388504070382204,68.38952742560937,200.7136533918217,63.297244376570966,Trigo
6.593227157384714,64.74036475918271,22.232058791460027,67.9659123526242,152.30302903016775,76.84675668979243,Maíz
6.169106767615806,74.98211666693865,27.844915395926378,128.50922775920728,179.64818435366098,101.08320841429548,Trigo
6.926216667398112,65.21555097527195,33.14198311564269,151.31840117745776,234.31592284783505,error,Café
6.103739630783649,22.386886530025322,23.104361295062564,96.86652344387585,205.29472265576172,78.29731000723821,Café
6.44263177926655,30.806345498964475,23.982098199488192,94.93534830429968,229.22064902362422,79.26577060236212,Papa
,40.62772133456482,22.09159543025678,102.10156489339545,298.82202922577426,70.87029337286933,Trigo
6.932877597085061,50.3913657531625,19.926216346535668,134.85634907824573,121.78791941444743,81.16279029037013,Papa
5.899851796472112,57.76488530703685,,72.17940597428277,280.86062874843117,19.40879844611394,Arroz
6.332749382079526,39.11384280269802,18.880298666188718,107.15106948204355,205.21779687616063,64.06785081860403,Café
6.262527344419522,52.80150146715617,25.17041734129613,1292.5592889347288,155.0607975838436,74.82643869833562,Papa
6.173335383713144,38.66925601470016,21.15013384470679,115.03282509819536,133.48431871305053,46.97971832760986,Arroz
7.382727120140548,,26.16892955895374,105.68744849796231,190.54398046114832,77.7264663562312,Papa
6.702490855480478,28.900083547276665,17.220521768981865,,246.08250559622297,65.91057558027757,Trigo
5.869558022832478,36.151501308336435,,18.90303121002289,193.6225439811233,105.1095139663098,Trigo
6.958930973527388,29.724730915754996,29.167644808044624,120.33625958592722,275.5577465123674,,Trigo
7.561078098506316,35.36190120534001,15.031321787142723,80.37772950617729,127.44121549742205,60.68388861763674,Trigo
7.0162326302755735,,26.87028284923786,45.08101309430629,199.39555260769728,66.9832457686661,Maíz
5.7403150170229935,35.759016667520854,31.13834496236646,115.33607798574943,137.38032777934404,68.52104868783215,Arroz
6.257882963566875,89.48573097256086,18.951794906543974,,218.1815941312484,60.966810476807545,Arroz
7.133455574593311,57.39976851321334,33.362861934188516,,244.34436950486503,73.90049968056253,Trigo
6.14616526719061,52.77254185542311,27.095095046830227,128.58623641608816,178.96191031594734,54.834358622248196,Maíz
6.7219097140731146,37.1246332972818,21.474940721207957,148.36834773965936,69.78930716864329,47.38769330124947,Trigo
6.887317026714668,60.50464819113487,24.72115461171147,,209.94740733982474,82.45422447800537,Maíz
,41.36543260643339,27.79163456260861,149.19893588114178,221.83692758667547,82.59059168443622,Trigo
6.4702373219691,51.83014721968042,25.380026957062057,122.26382473215676,220.21473774808487,53.91368480680015,Café
4.879366329965464,88.40126807403192,27.693779962231847,102.26300916704778,261.7891095911077,87.90710861525199,Café
5.987806179332855,48.559101504130254,20.39663203460317,51.94102564308495,146.44731601754756,57.368445416693376,Papa
6.37371592430342,67.23909989428513,25.84680412018039,92.61812535610154,234.01080527252248,75.06330476075962,Trigo
5.876108409017576,39.45235362311169,17.9314275154751,74.70260214051424,259.6253756238988,,Arroz
7.316205651965817,49.47517264254557,24.4438696932565,165.1282815249344,111.07062079967416,69.32774870592574,Papa
5.784929311019684,76.56200953453265,20.480461792676053,94.7234256270299,215.98259129594885,79.09481824282268,Café
6.279977756651508,40.59549413318349,21.322350287051165,103.69614420353457,174.7910084496164,59.67140712224857,Trigo
6.565370288643046,77.18672836995393,31.18046587605219,116.54456128121403,195.9238663449177,66.07066833143806,Papa
7.220636644533058,60.616279031832136,30.456550602971344,101.30807339117361,217.38382417691682,65.88281138239319,Trigo
5.7820689244102805,41.56299836158598,28.045690604535885,150.8515312129226,175.6385717943224,55.06843306919522,Café
7.08158187607748,59.48611608583281,19.538436176637106,81.32051914796644,166.2145960419194,66.46451673768436,Papa
6.5051165305097935,64.58831674440094,23.41795775152599,105.83822365711728,201.70762087440124,39.02763402272507,Café
6.009245674476024,59.327149433257944,31.065488499895917,77.72588242905854,145.63770305685986,60.1769250571579,Maíz
6.731051737131636,26.446629201643155,25.708584568199523,60.39932466337883,145.70874355574074,64.30249013260658,Café
6.5995298477867355,39.09294236262697,36.59664769990847,81.64692727284144,233.96866414782517,64.8764049500924,Trigo
6.1998915614206025,46.287220466727426,26.96658919697186,98.88889608854764,142.5602982420672,65.17005108258442,Arroz
6.53490104249501,48.88349856349931,25.960245582450156,87.1209332644822,233.3156250454606,68.76471600279743,Café
6.30734320156912,59.31008146326017,23.454417678987493,79.22737060378432,223.12956464269757,-397.9441518086064,Arroz
,52.66551501399881,25.66770452391141,57.81047608984498,113.70966356047016,87.49034148265045,Maíz
6.831065337260523,29.969834619348482,24.23765081809728,97.50683282113916,166.12176738321725,57.00469546303466,Papa
7.2930084080726765,55.70296776508945,28.54054338344295,54.858388779069934,259.7054701523686,45.93598289221711,Papa
5.881092250586575,59.15878617925735,29.78351158397292,122.80167891068808,150.94172344301592,49.15911175513794,Arroz
7.566516687328133,58.396856718965594,21.070052697460252,102.4731925880351,176.7797868845306,60.255941576101456,Papa
5.523956100238749,66.21171088331933,18.34383523221111,56.27345501605208,223.1030446625948,62.961573643669816,Café
6.424107452482208,62.50883231823356,15.818973134483517,90.7237276885041,,54.600078676050856,Arroz
6.7941586032422885,56.88770118842655,27.539956634562717,77.4353078322825,187.42305569777523,44.07766671500211,Trigo
6.640495933867516,48.94751432812029,19.483166969130632,109.57523531257542,170.12449026541793,60.877583450516234,Café
6.188650240089703,,14.235547035237586,140.21351338069434,271.1184930849254,73.62853240227943,Café
6.395938874821362,56.44427328698879,26.942893022654822,43.74482591062766,286.94498318987894,81.90058931671129,Café
6.253499532670584,53.115315307446664,37.46499758716395,103.45078237442252,248.94290253908977,58.851538937833574,Trigo
6.205317621527894,54.0736825579306,24.969645442300532,95.19601613300078,204.2659071282512,61.740043557131315,Maíz
6.9248010485105125,30.84877136269536,29.19245387225821,120.14020229351397,159.5867139179537,51.466033823053785,Papa
6.678507742982523,33.784151893876064,25.409146792737825,106.39589884713067,158.47777967217172,69.37121659250447,Arroz
6.153545202369673,65.79729279999356,24.505551734044285,77.44092004783542,226.12570526328787,53.03142731618371,Maíz
6.949799937716626,49.406672692150174,29.595382414938843,90.42838193000145,220.91991104443417,81.462556264824,Arroz
6.653649760438305,60.22251046058936,23.548627279056742,76.11922429589532,,34.282670161317775,Papa
6.90643105941948,50.42477564195692,26.336961570359513,,232.52250462680695,62.80740655095075,Trigo
6.814814420961806,50.446342092436176,26.608489030980067,100.63934946015827,124.8459849120091,76.02214678383484,Café
6.0855024945389635,64.07425708963997,21.659547731784755,157.0357205725902,252.5973808861459,,Café
6.219909479901515,42.25932907673939,29.960211747682614,98.18017558556137,150.09696863427936,123.86067327960993,Trigo
,51.44181165411475,24.125201216522957,78.74779699268612,180.80143640238242,76.99600049135815,Maíz
6.8051851327167325,43.06587066942436,21.221274202535778,54.58856822161518,212.5100103125847,49.91890806315979,Maíz
6.489549203017926,43.482556588515266,27.682549217852017,45.90580971232165,299.7833744891982,68.09071505821854,Arroz
6.558663691654391,45.36241814797041,20.507660091044812,52.475921709835305,355.4959278002681,34.475073330670966,Trigo
,53.33200657450569,25.140905786845643,108.0137995303445,230.33615295680914,68.38800501406479,Maíz
6.204214305582085,42.818770675047844,24.95440501677898,115.26175069689802,190.8401690639806,53.33887885998483,Trigo
6.773548690585019,68.83634188360281,30.42947782915789,52.564278939036,226.7252824240275,88.30780551120324,Papa
6.398903673783053,36.580890466707444,27.373491164399763,126.85114942228347,244.3827712936918,59.0091945080893,Café
6.39115939838639,47.196925337579614,24.87486520627428,85.50816844949682,183.96661872214042,67.66468168409507,Café
7.049388425993595,43.40403412588738,29.088831496001436,104.40379035956649,289.7605677956161,57.288843171911935,Café
6.912708174494015,71.704668265306,31.951037745086566,148.36661884766272,211.5035379595701,104.77702703706663,Trigo
6.906754818000319,52.94832164767362,27.789051531759313,126.90517947596595,224.88715445456972,63.57514467764177,Trigo
7.152739403577165,65.47766809202952,25.051763099216902,91.94408056282504,233.29621260272307,106.65114086958403,Arroz
6.510501920816379,27.71659440444542,18.4408188382492,73.26423323754138,221.07933053072279,86.28303524236533,Café
6.840976485647482,54.00575398803888,19.674431684623137,35.445537960120845,241.94702502348062,79.64133454670772,Arroz
6.344866621703272,63.34446193435156,23.47387647822666,78.42540042272739,169.13734067265383,77.3746629463504,Café
6.662083176244221,51.23425983913136,21.952438989203586,93.66609283516917,172.08491230269848,77.87594596432503,Arroz
6.434928472816158,65.98220562598027,24.06514348507277,70.38461418546449,144.99228835141525,31.446548413087797,Arroz
6.548497982496359,,25.283249624485535,96.06229098723085,221.9750615310113,64.42233211698488,Papa
6.797578512718457,71.1402116027837,27.648463771783653,102.30555648876305,238.9468251756057,86.90315942368643,Arroz
-30.45444829191632,84.48347185428875,24.647506109704544,93.25432054575765,222.8886433075943,69.02205633051788,Trigo
7.54619363784273,44.55742159340512,27.43250821913101,80.49992257529621,283.7246216673769,41.896203063928496,Arroz
5.996991309250149,43.31746217898842,,105.05964015900183,199.72019905854768,68.9519109884506,Café
5.892905693606134,71.80076715676552,15.122667168230643,,233.43708277962563,104.08211032510982,Arroz
7.079055436750034,73.69358218596068,20.303323030906228,67.28802767671462,145.4149561930343,94.93783431069438,Maíz
6.895831346981468,42.15709959270097,24.279562221391924,142.3279713923881,180.64501487627996,68.75991981267937,Café
6.812059908526077,43.69719774356214,18.95152628579446,97.04235603147215,234.77688787828887,89.02898554116173,Maíz
6.81417275463214,45.773230867092394,27.999643649981024,100.56548868834543,242.4551055371572,-313.34929796319483,Café
6.493876613576543,29.833242334485846,32.65375416171849,121.24643269769672,185.30165261679088,35.92256826346562,Trigo
,36.220220802737025,31.093809258486584,106.99648393790505,196.42003740709666,51.51068023740891,Trigo
6.537902279096863,,23.93278564534896,128.59409901739735,124.10631266595954,101.25777537016396,Trigo
6.161419144243944,38.483036523438074,32.45363068424976,108.61372495605472,182.14853995966953,64.52013836341392,Maíz
6.987559866708875,49.47972668919828,25.743337286010558,81.62687876078687,244.5191581759893,65.13232041249964,Papa
6.426471309248931,,23.314570144409803,110.84510575618305,228.76025080532833,64.00323607450238,Café
6.087251401603744,73.25750739221115,21.9329866822953,65.68821378038015,,108.08273179146013,Trigo
6.339307079173503,35.024689388918134,23.487651567559357,103.2567911732957,202.488684359048,,Café
6.706465727137812,64.76483597714875,23.059115907293858,99.00310028066617,200.35315793140882,114.37560466896268,Maíz
6.218137723598012,46.790167336617365,25.85208111187744,93.7564942818238,166.98394302632764,66.81909579199898,Papa
6.0888898022167846,49.25804435521351,25.802869905249324,96.14387465683208,234.94142101012673,75.9124897749419,Maíz
,60.122292382499054,25.015230100767074,43.544528635070826,2210.486472194695,39.66714901158418,Café
6.622483285554361,33.159169676565526,27.184690848731748,83.53825276777116,224.60094239963996,99.53868852236549,Papa
6.246528412314435,55.736146192760756,30.953231373931708,102.78534703423344,173.698257866621,46.6444089746413,Papa
6.264480847190838,52.49678312319584,29.747770677206617,104.79569175992201,92.33285400643778,74.33551127525259,Maíz
6.616024968678818,57.38676896012224,17.575510157750482,69.16974577222126,254.8576355876848,48.053949447343115,Trigo
5.775957829251338,54.33752965861727,12.230394325490225,137.97123522594103,176.0581271995798,58.22266346522608,Café
5.796268112811722,86.82950209866341,29.67159955619637,74.01475455356497,156.86121179784396,53.254751379005995,Arroz
6.140777889373782,40.43390023623026,18.165606507922895,,234.67394559569968,57.84249478648364,Arroz
6.3932764241440765,42.035045674972736,23.87617299053658,112.81583085615054,,59.21754593702043,Maíz
,40.65289210362853,19.149434869703203,80.6131807046859,252.9968192023311,59.03462410149846,Café
,41.66784321259618,15.9900978120999,153.25932677828536,230.85029747883488,86.66667823560614,Café
6.92882981160101,40.439193090402235,27.70731364102394,64.19089504730559,234.17846616002387,47.9027441387496,Maíz
6.420030735018287,67.83524796661328,28.795775801513233,127.57462520830005,131.7022144399733,74.41082854027734,Café
6.490491896048655,71.30756371984782,22.1174479963664,130.01746954128936,260.59719926932,94.35918304611117,Trigo
,41.438805593757856,12.044788539275451,79.88139372770065,213.0625265616928,59.73607270973208,Maíz
6.490743432003805,error,22.268777758737585,141.77395900192985,181.53614303768984,55.641622185047964,Trigo
6.355670680539931,57.07123334579606,26.959020027012734,92.49860456203142,207.16942336711256,65.38950749639498,Café
6.661359280169044,41.716654335785435,17.605442156129357,108.66080887839571,111.188238355084,93.59450416721421,Maíz
6.086384528223839,59.493977266332664,,107.80965516313663,220.43264057403354,,Café
6.759673257120586,53.0438453127695,24.923450754135022,,148.53142459089642,59.375714107848026,Maíz
7.266369456501289,27.263838275041522,27.896457498005443,124.32424819479346,132.36648570782327,79.67753302376079,Café
6.445619925771571,73.21257801995093,25.597901842070765,123.80466161656639,123.88204068910544,,Trigo
6.700855861049471,76.93816509643283,20.13465529559222,47.544040802854575,255.63441874949626,83.62719020885896,Trigo
6.845071995855556,40.80816964273421,30.982857508322457,139.13020728634459,168.53683031536056,78.17214615403535,Café
6.299389764057082,44.18447660096024,24.20735213486515,50.12524035892977,276.686385495825,,Maíz
6.612046240905208,-271.4399043043679,24.86347730245034,130.97638613024972,173.2099268473851,error,Arroz
6.5062962003908975,55.01685184980538,20.333660204634022,133.8011541048275,114.63210212035267,52.266381554330856,Trigo
6.548838049274416,59.878164090092454,22.783588744042447,67.27100709354406,144.17377800256705,80.69634672691821,Trigo
6.113495108072267,80.15306808149525,20.575986429865495,87.67557136136246,261.79058100034695,94.57961004978124,Arroz
6.512255087129471,47.34579158758926,24.135269700382885,668.2885994542193,192.20509110316664,57.25384505942411,Café
6.748999145622725,38.02554133192319,33.558542400711715,93.55236909133794,,79.16773407102968,Maíz
7.2255718038975205,29.31021157978209,18.140494285343216,90.75897147442777,208.0009112926394,28.259459627958627,Café
6.979635413042604,39.036049400871214,16.932193010616295,error,225.08913680837725,,Papa
7.576591228755778,49.503095406893046,32.35585163746804,139.30926238358825,255.86994079512306,,Trigo
6.116326218555975,76.91836795276681,23.95338161424067,141.87051432369867,272.4249614946463,51.80633166036333,Papa
6.936160318360339,42.235830514457426,21.654636306700418,83.13495920265093,182.0115677105457,51.26987250420808,Trigo
6.591671002869176,53.35681927458348,30.19952343698038,93.72334378766416,133.6976156958981,,Trigo
7.594901466608836,49.753656558908716,21.97192230131568,49.496854233371494,179.3267419438362,75.84385456652747,Papa
6.095850857322424,,34.13004856773468,75.82389800511433,213.01402532914432,,Papa
6.080139078909612,87.90398638810433,28.389629356696346,128.94554899292373,151.81205368946945,25.235375333500556,Café
,42.03696840619519,22.560442959271487,148.46748470644695,152.14245425524786,27.585996947298675,Papa
5.438052137845096,42.658408362226666,35.786541066327516,62.96953384360234,217.18939407749428,57.86269644285649,Café
6.23712248915962,65.66241315603608,21.97142538498331,82.22607222541318,197.56738242147745,79.15373172107104,Café
6.120433669223151,60.22837234439467,,99.20782729123219,201.63984977057933,15.049903145495307,Café
6.575196893238104,77.7006098860405,26.49646290203246,1084.0483476458821,162.07523326499654,error,Trigo
6.67087798788858,58.75892277988946,31.50870644699399,75.71189440235062,188.47996428971163,59.475042869651574,Trigo
7.438085419607943,44.610618638194104,32.807555983634266,112.7218313339227,153.7883427865848,97.76675556416896,Papa
6.9752119190930255,58.85982246038464,25.160020745328833,85.78481958787252,244.50992055623934,62.299563765742725,Trigo
6.211548172168799,66.63055370874362,21.232910648269083,99.56643187365162,,77.65977969481857,Papa
6.050792664325821,62.30723271796046,27.299860714695583,116.38852744011099,107.6906068880953,72.82514280174927,Trigo
6.745959585753253,57.609110466609465,21.61142315123947,100.19266809432814,153.5244569903795,27.38867040385599,Maíz
5.839883396489679,66.00012034383731,350.66936237633115,86.90842328420294,125.17353724549605,85.36414433263475,Maíz
7.415729382927177,67.5394338566851,25.682676655413687,96.71170588222508,167.49880327965508,74.30793010912576,Papa
error,70.7323848655629,23.173392243439455,97.34911122383994,195.82810151048196,80.1653727934918,Trigo
6.265412173947648,59.73064831384464,25.923401529324543,88.89966910353617,127.51773901507349,148.52475412872653,Trigo
5.643432735454561,47.493228795247184,18.264368552351517,92.23611811998693,153.90700934373433,28.31774121002823,Café
7.176936187082706,52.20070529649984,20.141929807446743,147.9594151151415,149.80213139592507,104.49393299522217,Arroz
6.442730077373691,68.09763449762535,31.00206953972213,116.82758343823716,210.3633664699472,64.25104961199288,Papa
7.11890815598673,37.74596493519146,21.71552860514302,91.13559045912518,203.4672168518125,75.74657808806019,Arroz
5.702786170602817,55.53009963309352,19.7654450865903,120.90863213532207,163.91312233313732,69.08975509397516,Arroz
6.200312488523114,44.09991781508959,27.68326376263643,89.9854153073197,208.8410436069699,61.51527333203913,Papa
6.502621849859092,50.431172344022265,30.928520773314986,135.19373912759923,172.66599577063673,58.60334143522483,Trigo
6.523490296882371,69.17677793910948,28.594766553325336,111.08926576594281,186.41724448369735,,Papa
6.274967264260378,52.86648602029855,29.980238429029082,96.78093567987314,283.67260451492683,39.656526066566414,Arroz
-34.057124830868744,50.69654822234223,21.216024557152696,113.43150777430833,267.0230525895174,85.01158335043532,Trigo
,29.60215788530121,17.89094666629078,52.87371543794502,135.02093815362014,61.67611190229492,Maíz
6.428810257489353,61.193803490408314,32.506668259777435,66.19697593270584,241.48662089395873,47.398613219192846,Papa
6.56014781585595,59.68226271711613,23.38660080578932,64.18224980802833,240.5698277245796,60.99974284008373,Papa
6.757219417029375,82.4488208495819,23.745834917724764,104.2882928429112,142.5868355623691,95.14298433725145,Trigo
6.855807439044445,45.38332647570499,31.640970709245288,151.97544998455277,240.93888218774305,59.29329825967554,Maíz
5.937678954081066,53.287254914959085,27.7811500470033,166.93900438577896,276.89659592062765,77.1690723641924,Maíz
,53.74075525566133,27.27943886040804,119.14153304322272,143.8727596877793,,Trigo
7.138838410949255,73.66179919645211,35.825011724505416,115.0253342483337,154.12485894928682,85.1584369984724,Café
6.666157005989795,48.57056701419572,21.782408848099287,45.96826797541783,250.88307334217512,83.71015477580409,Papa
6.125756731721723,54.185322886555085,29.639200640406187,,213.5747655412824,106.97217666592823,Papa
7.275575987761261,59.11844764574809,25.285065624485423,76.36648744275283,227.57381376197617,66.48872109001569,Arroz
6.557837317146429,52.79913684734537,26.342961394316283,81.37457205246652,217.02946082002484,83.37309609515813,Trigo
7.089648592031914,43.30349578174208,32.64234213206266,94.95568544245631,219.53479604640722,71.9613507907789,Arroz
6.533759240705055,52.911349893474615,27.53917878144812,85.83728266908618,133.67639358444586,95.91743563726028,Arroz
error,66.10447624789659,27.691480395248163,40.62100568872637,252.3658853310724,55.623352247825395,Maíz
7.377670421221602,34.602270508834096,30.36253668654901,122.43730768352602,258.4794996213887,84.90010625754562,Papa
6.375517925760463,51.99454511220314,23.175236352285573,67.8177092278058,188.5304627965986,66.10605407766637,Arroz
6.9857854754771775,39.4981877759124,20.803951663304968,107.17740592333449,197.82615250930687,68.71623645783005,Maíz
6.822687974792574,67.92569943387264,19.775954029894834,162.2224800924992,123.4446248722139,71.83504968896746,Trigo
7.184315778766174,27.15219642824338,,72.4184622524073,225.71273780089174,75.04480792853354,Arroz
6.017538269709948,,35.28103564970161,24.091374317610104,228.6028720857072,67.67541913756084,Papa
6.843025729999219,55.658178125967815,19.483958171391585,error,196.89044915003444,74.29426366341053,Arroz
7.029212243424794,-367.4143021925755,23.89373188207114,133.02878904995714,256.21766799352514,101.56236115124369,Trigo
5.620630256788443,49.01374608390518,23.615933500555396,158.75042362661782,183.29613845100297,89.70899371230436,Arroz
5.9083707436671125,41.67200709960203,26.537033489045506,63.1135121664275,228.23029629468002,87.38309184993793,Papa
5.48038391111995,78.21735604160885,29.078686062696484,114.90097669709564,149.01678306539424,60.889209479522584,Maíz
6.365296582777721,28.27979149375634,29.302367441798726,86.0406862965984,198.8223924562881,52.21518343543352,Papa
6.858771127897981,17.017910650698774,,96.82154937087593,191.2822871048582,89.10601116475506,Maíz
7.251178526048014,56.60021675079999,24.164391431067944,179.33030041051103,211.26539610204708,87.52093585059589,Café
6.537047390209888,42.46918663471083,26.412899752441497,54.910890148145405,181.52365355833206,99.45341351501963,Papa
7.314307772785646,34.681507743039305,23.756544369082263,107.6121898448372,193.42637021641661,57.92038748061541,Papa
5.809949270892554,60.6253467094903,,114.030795152963,241.30235857207532,65.40902689279307,Trigo
5.648308780322423,,27.454874758191256,132.5735897481804,178.16178813808912,37.21031674949132,Arroz
6.47222615055169,,28.674388930249087,,119.67114496306604,62.15057787878254,Maíz
6.692032724469653,30.795434019936582,28.314406343337062,109.24151618512307,287.47919521027103,89.93141021158894,Maíz
6.483652625952954,,30.867369287426627,88.25054297734627,269.0727039345243,60.670092415436045,Trigo
5.466278949980062,59.753017669379915,25.905107793518535,108.07380823735322,135.38686524471905,82.80959590401648,Trigo
6.4554399802436055,48.51236204330926,18.515840260220767,,234.48539026225973,66.18993788004377,Arroz
5.847765249747574,77.69955494071499,error,118.64715669568153,174.85126147243284,76.48114056443121,Arroz
6.834836274415019,33.94872850510771,21.743215531040853,88.91168991869098,213.17436076655298,47.04617220368665,Papa
6.683299123048424,27.117122436128916,22.356916591251217,111.31301181706559,214.7112064506747,71.70418899267803,Café
6.030060106836323,39.62137895178133,27.931820093775467,99.12211558945064,188.2796099841839,10.177280581985535,Arroz
6.243066541331653,49.31620975466753,31.19141535716818,133.78150752316503,160.81171672068018,66.2620768367603,Trigo
5.970393239055524,53.65009173984038,25.106357883680307,98.45818829234541,165.47294738418702,37.3905351256972,Arroz
6.468660451363414,46.38145913215505,,46.80902595379356,154.19040422593787,94.11989033093633,Maíz
6.977571160250619,55.28083094771445,33.51107472317619,137.85764502141976,158.40888958847776,85.54814705529023,Café
6.0071369768322285,31.22690863714334,26.203765897442842,72.82803097412143,196.64108549753223,79.33341963932162,Papa
6.752023257758922,71.65646906109889,38.008415570901974,,164.2120005444624,100.4201245431876,Maíz
6.23487119081378,48.76773232411147,27.82754822815772,82.13016117869523,234.102603285631,51.021669583503254,Maíz
6.103563583868828,66.75943747382192,16.19618620422091,141.23314279512454,274.36230776679633,104.94726395831117,Café
6.446484820022721,55.14088019566556,28.766708105522664,35.929773580639136,170.99733793149784,88.6438312852077,Papa
5.9823788387903125,56.85129828730676,26.90579192441389,194.1324560097998,211.97022502676884,65.26889425562108,Trigo
6.223175347326409,58.546509203483055,,,224.98425551514669,92.71240294365889,Papa
5.901061053705575,56.715628400259725,28.36590675634979,106.69716742387479,223.60011354596372,47.87412975176731,Arroz
7.482362566458194,59.64084139801316,24.307720080081133,98.3531799815114,203.79776339580437,53.50971676944653,Maíz
6.517631775985865,69.93728795198646,18.878508818553172,108.5666222457297,237.1341209179861,57.828205535205996,Arroz
6.150137246003707,52.94781754552205,23.954883713569874,115.63367285138015,224.11244763403286,59.420445838719694,Trigo
6.606989955367111,60.63505636382769,20.7473977289535,119.35646757850171,138.1168788836351,48.86884714479494,Arroz
6.4438359751545855,48.6539645856916,22.097382750976386,116.66813398010345,243.45780321946364,94.4616613419065,Papa
6.389515200233388,71.6017582317421,27.94289202210305,102.68742043765747,244.3645418633371,64.82291199260337,Arroz
6.8070833500217125,39.85411546911095,,94.07984739078022,161.83569479107092,77.05009936713759,Trigo
6.878753855023652,77.01410649366224,26.973357649114906,95.46180149039465,201.89689177238012,58.592972671726386,Trigo
6.234749426194736,49.39763074033485,19.020584689824076,94.15275158941957,234.16644964055348,33.58793398902966,Trigo
6.21209087967766,28.538373468229278,27.223013341100703,134.01310290601194,189.53430902103193,75.40114716782844,Papa
6.362474151424178,51.92156622366184,30.983157433228257,117.80670166842586,253.6489023883006,31.75490049160446,Trigo
5.349039417632207,39.78422513787679,21.95108547840309,11.788340960071594,318.19362473096805,68.62731907829063,Maíz
5.742404468900724,62.60965323483086,24.32991416663541,119.67702329589284,160.70069836825087,42.63369922334379,Trigo
7.183437133722262,,25.073440973645987,105.84208584156325,130.94776984231126,109.74551998461615,Arroz
,43.307248501778304,21.075508434588798,99.43873730662308,,88.22725444349443,Arroz
6.375481980221811,21.656889035817034,28.241402169219295,88.34444640733342,236.07812525630717,72.11507582542961,Arroz
6.788278481527883,43.21540521126385,24.395259256961094,,188.45668130776156,95.27413355309338,Papa
6.655625077271768,13.64181010056565,27.097662219535138,128.42579386368573,272.6630331660517,53.07368045068529,Arroz
8.03944040422762,26.24145764771415,20.562539110989498,76.81366996529172,133.06971001383755,80.86958757340186,Papa
7.059787455717288,61.40621984216446,,112.21156861373605,234.64593115158056,73.99620867437427,Papa
6.436041204259617,61.787002379762484,28.611906789138857,70.85029796376142,169.70695896205532,75.2804016266734,Trigo
6.022229779699787,56.38186342677447,23.135834239541165,58.61145505633208,285.9688953103648,95.44707000213535,Maíz
5.696776839871214,35.495357853061805,33.63481925616703,81.19848326230104,299.62576765840595,84.64984205559604,Trigo
6.6017318179336115,49.2843296578703,23.001819071926988,125.87180417148276,,-378.87236628250236,Trigo
6.1218246273578485,49.945961913641476,26.12342362875943,128.5937513612826,172.522143204571,36.902251275434075,Papa
5.788873145201163,32.624529662111854,29.662954159365448,115.39256260291879,242.9793943489901,50.79907409441073,Papa
-30.88356778939368,72.55097452650726,17.908171335334842,121.75287360543992,180.64346751052426,67.54582132808552,Arroz
5.959225998192802,63.16043435863507,16.19595594009612,115.48534861344875,197.7294391033881,71.86744748553302,Arroz
7.343570817536282,46.68553739255504,17.371718427149524,80.75555214331143,201.2694210271205,47.39592550652152,Trigo
6.940819878474725,50.40328758491796,31.31292051713591,112.95767634021821,104.01634219011719,118.23353351156842,Café
6.496013679341691,53.125742119213285,22.240709270537767,124.01228575683047,199.30811269528814,100.32788110507146,Café
7.239972069445013,,37.79099642834126,122.62873989440723,error,82.04236640784967,Arroz
6.538684153823809,46.29233926219105,22.178762006713058,135.66740114423928,175.3438588800114,71.4407372256749,Café
6.069357899335868,39.77023628003302,25.922756515985185,121.24911541603191,272.1816001734407,65.75582060197696,Arroz
7.261562038634828,34.975699851576266,32.71054976283938,1105.4344622624749,137.1746552860372,50.96163079955529,Papa
6.7694550218423295,45.78349560671067,35.03046444079561,132.10450714949283,240.66025933739886,71.54961037037725,Trigo
5.9813769228367715,76.96529790274283,35.30751788318199,99.2043622225282,186.05185348340956,,Maíz
6.404830660958196,59.61264291900515,31.041831152965713,73.54376046316847,186.01199157520827,45.16478849036751,Trigo
6.062190873307621,41.432315153258045,30.120312629057313,95.10799108168709,239.51859480258557,76.68352834489795,Arroz
5.808600134517832,58.58874172034238,27.962634746005914,77.65292065580653,217.00256472844453,66.89481902350502,Arroz
